{
	"credit": "Made with Blockbench",
	"parent": "item/fake_generated",
	"textures": {
		"2": "item/armadillo_spawn_egg",
		"particle": "item/armadillo_spawn_egg"
	},
	"elements": [
		{
			"name": "armadillo_spawn_egg_0",
			"from": [2, 3, 7.5],
			"to": [14, 12, 8.5],
			"faces": {
				"north": {"uv": [14, 4, 2, 13], "texture": "#2"},
				"east": {"uv": [13, 4, 14, 13], "texture": "#2"},
				"south": {"uv": [2, 4, 14, 13], "texture": "#2"},
				"west": {"uv": [2, 4, 3, 13], "texture": "#2"},
				"up": {"uv": [2, 4, 14, 5], "texture": "#2"},
				"down": {"uv": [2, 12, 14, 13], "texture": "#2"}
			}
		},
		{
			"name": "armadillo_spawn_egg_1",
			"from": [14, 4, 7.5],
			"to": [15, 12, 8.5],
			"faces": {
				"north": {"uv": [15, 4, 14, 12], "texture": "#2"},
				"east": {"uv": [14, 4, 15, 12], "texture": "#2"},
				"south": {"uv": [14, 4, 15, 12], "texture": "#2"},
				"up": {"uv": [14, 4, 15, 5], "texture": "#2"},
				"down": {"uv": [14, 11, 15, 12], "texture": "#2"}
			}
		},
		{
			"name": "armadillo_spawn_egg_2",
			"from": [1, 7, 7.5],
			"to": [2, 10, 8.5],
			"faces": {
				"north": {"uv": [2, 6, 1, 9], "texture": "#2"},
				"south": {"uv": [1, 6, 2, 9], "texture": "#2"},
				"west": {"uv": [1, 6, 2, 9], "texture": "#2"},
				"up": {"uv": [1, 6, 2, 7], "texture": "#2"},
				"down": {"uv": [1, 8, 2, 9], "texture": "#2"}
			}
		},
		{
			"name": "armadillo_spawn_egg_3",
			"from": [1, 3, 7.5],
			"to": [2, 6, 8.5],
			"faces": {
				"north": {"uv": [2, 10, 1, 13], "texture": "#2"},
				"south": {"uv": [1, 10, 2, 13], "texture": "#2"},
				"west": {"uv": [1, 10, 2, 13], "texture": "#2"},
				"up": {"uv": [1, 10, 2, 11], "texture": "#2"},
				"down": {"uv": [1, 12, 2, 13], "texture": "#2"}
			}
		},
		{
			"name": "armadillo_spawn_egg_4",
			"from": [3, 2, 7.5],
			"to": [9, 3, 8.5],
			"faces": {
				"north": {"uv": [9, 13, 3, 14], "texture": "#2"},
				"east": {"uv": [8, 13, 9, 14], "texture": "#2"},
				"south": {"uv": [3, 13, 9, 14], "texture": "#2"},
				"west": {"uv": [3, 13, 4, 14], "texture": "#2"},
				"down": {"uv": [3, 13, 9, 14], "texture": "#2"}
			}
		},
		{
			"name": "armadillo_spawn_egg_5",
			"from": [10, 2, 7.5],
			"to": [14, 3, 8.5],
			"faces": {
				"north": {"uv": [14, 13, 10, 14], "texture": "#2"},
				"east": {"uv": [13, 13, 14, 14], "texture": "#2"},
				"south": {"uv": [10, 13, 14, 14], "texture": "#2"},
				"west": {"uv": [10, 13, 11, 14], "texture": "#2"},
				"down": {"uv": [10, 13, 14, 14], "texture": "#2"}
			}
		}
	],
	"groups": [
		{
			"name": "armadillo_spawn_egg",
			"origin": [8, 8, 8],
			"color": 0,
			"children": [0, 1, 2, 3, 4, 5]
		}
	]
}