{
	"credit": "Made with Blockbench",
	"parent": "item/fake_generated",
	"textures": {
		"1": "item/chicken_spawn_egg",
		"particle": "item/chicken_spawn_egg"
	},
	"elements": [
		{
			"name": "chicken_spawn_egg_0",
			"from": [4, 4, 7.5],
			"to": [9, 15, 8.5],
			"faces": {
				"north": {"uv": [9, 1, 4, 12], "texture": "#1"},
				"east": {"uv": [8, 1, 9, 12], "texture": "#1"},
				"south": {"uv": [4, 1, 9, 12], "texture": "#1"},
				"west": {"uv": [4, 1, 5, 12], "texture": "#1"},
				"up": {"uv": [4, 1, 9, 2], "texture": "#1"},
				"down": {"uv": [4, 11, 9, 12], "texture": "#1"}
			}
		},
		{
			"name": "chicken_spawn_egg_1",
			"from": [3, 5, 7.5],
			"to": [4, 13, 8.5],
			"faces": {
				"north": {"uv": [4, 3, 3, 11], "texture": "#1"},
				"south": {"uv": [3, 3, 4, 11], "texture": "#1"},
				"west": {"uv": [3, 3, 4, 11], "texture": "#1"},
				"up": {"uv": [3, 3, 4, 4], "texture": "#1"},
				"down": {"uv": [3, 10, 4, 11], "texture": "#1"}
			}
		},
		{
			"name": "chicken_spawn_egg_2",
			"from": [9, 1, 7.5],
			"to": [10, 12, 8.5],
			"faces": {
				"north": {"uv": [10, 4, 9, 15], "texture": "#1"},
				"east": {"uv": [9, 4, 10, 15], "texture": "#1"},
				"south": {"uv": [9, 4, 10, 15], "texture": "#1"},
				"up": {"uv": [9, 4, 10, 5], "texture": "#1"},
				"down": {"uv": [9, 14, 10, 15], "texture": "#1"}
			}
		},
		{
			"name": "chicken_spawn_egg_3",
			"from": [2, 9, 7.5],
			"to": [3, 11, 8.5],
			"faces": {
				"north": {"uv": [3, 5, 2, 7], "texture": "#1"},
				"south": {"uv": [2, 5, 3, 7], "texture": "#1"},
				"west": {"uv": [2, 5, 3, 7], "texture": "#1"},
				"up": {"uv": [2, 5, 3, 6], "texture": "#1"},
				"down": {"uv": [2, 6, 3, 7], "texture": "#1"}
			}
		},
		{
			"name": "chicken_spawn_egg_4",
			"from": [10, 6, 7.5],
			"to": [14, 10, 8.5],
			"faces": {
				"north": {"uv": [14, 6, 10, 10], "texture": "#1"},
				"east": {"uv": [13, 6, 14, 10], "texture": "#1"},
				"south": {"uv": [10, 6, 14, 10], "texture": "#1"},
				"up": {"uv": [10, 6, 14, 7], "texture": "#1"},
				"down": {"uv": [10, 9, 14, 10], "texture": "#1"}
			}
		},
		{
			"name": "chicken_spawn_egg_5",
			"from": [10, 4, 7.5],
			"to": [13, 6, 8.5],
			"faces": {
				"north": {"uv": [13, 10, 10, 12], "texture": "#1"},
				"east": {"uv": [12, 10, 13, 12], "texture": "#1"},
				"south": {"uv": [10, 10, 13, 12], "texture": "#1"},
				"down": {"uv": [10, 11, 13, 12], "texture": "#1"}
			}
		},
		{
			"name": "chicken_spawn_egg_6",
			"from": [5, 1, 7.5],
			"to": [9, 4, 8.5],
			"faces": {
				"north": {"uv": [9, 12, 5, 15], "texture": "#1"},
				"south": {"uv": [5, 12, 9, 15], "texture": "#1"},
				"west": {"uv": [5, 12, 6, 15], "texture": "#1"},
				"down": {"uv": [5, 14, 9, 15], "texture": "#1"}
			}
		},
		{
			"name": "chicken_spawn_egg_7",
			"from": [10, 1, 7.5],
			"to": [12, 4, 8.5],
			"faces": {
				"north": {"uv": [12, 12, 10, 15], "texture": "#1"},
				"east": {"uv": [11, 12, 12, 15], "texture": "#1"},
				"south": {"uv": [10, 12, 12, 15], "texture": "#1"},
				"down": {"uv": [10, 14, 12, 15], "texture": "#1"}
			}
		}
	],
	"groups": [
		{
			"name": "chicken_spawn_egg",
			"origin": [8, 8, 8],
			"color": 0,
			"children": [0, 1, 2, 3, 4, 5, 6, 7]
		}
	]
}