{
	"credit": "Made with Blockbench",
	"parent": "item/fake_generated",
	"textures": {
		"0": "item/phantom_spawn_egg"
	},
	"elements": [
		{
			"name": "phantom_spawn_egg_0",
			"from": [3, 7, 7.5],
			"to": [10, 14, 8.5],
			"faces": {
				"north": {"uv": [10, 2, 3, 9], "texture": "#0"},
				"east": {"uv": [9, 2, 10, 9], "texture": "#0"},
				"south": {"uv": [3, 2, 10, 9], "texture": "#0"},
				"west": {"uv": [3, 2, 4, 9], "texture": "#0"},
				"up": {"uv": [3, 2, 10, 3], "texture": "#0"},
				"down": {"uv": [3, 8, 10, 9], "texture": "#0"}
			}
		},
		{
			"name": "phantom_spawn_egg_1",
			"from": [10, 8, 7.5],
			"to": [11, 14, 8.5],
			"faces": {
				"north": {"uv": [11, 2, 10, 8], "texture": "#0"},
				"east": {"uv": [10, 2, 11, 8], "texture": "#0"},
				"south": {"uv": [10, 2, 11, 8], "texture": "#0"},
				"up": {"uv": [10, 2, 11, 3], "texture": "#0"},
				"down": {"uv": [10, 7, 11, 8], "texture": "#0"}
			}
		},
		{
			"name": "phantom_spawn_egg_2",
			"from": [11, 8, 7.5],
			"to": [13, 12, 8.5],
			"faces": {
				"north": {"uv": [13, 4, 11, 8], "texture": "#0"},
				"east": {"uv": [12, 4, 13, 8], "texture": "#0"},
				"south": {"uv": [11, 4, 13, 8], "texture": "#0"},
				"up": {"uv": [11, 4, 13, 5], "texture": "#0"},
				"down": {"uv": [11, 7, 13, 8], "texture": "#0"}
			}
		},
		{
			"name": "phantom_spawn_egg_3",
			"from": [13, 7, 7.5],
			"to": [16, 11, 8.5],
			"faces": {
				"north": {"uv": [16, 5, 13, 9], "texture": "#0"},
				"east": {"uv": [15, 5, 16, 9], "texture": "#0"},
				"south": {"uv": [13, 5, 16, 9], "texture": "#0"},
				"west": {"uv": [13, 5, 14, 9], "texture": "#0"},
				"up": {"uv": [13, 5, 16, 6], "texture": "#0"},
				"down": {"uv": [13, 8, 16, 9], "texture": "#0"}
			}
		},
		{
			"name": "phantom_spawn_egg_4",
			"from": [0, 6, 7.5],
			"to": [3, 10, 8.5],
			"faces": {
				"north": {"uv": [3, 6, 0, 10], "texture": "#0"},
				"east": {"uv": [2, 6, 3, 10], "texture": "#0"},
				"south": {"uv": [0, 6, 3, 10], "texture": "#0"},
				"west": {"uv": [0, 6, 1, 10], "texture": "#0"},
				"up": {"uv": [0, 6, 3, 7], "texture": "#0"},
				"down": {"uv": [0, 9, 3, 10], "texture": "#0"}
			}
		},
		{
			"name": "phantom_spawn_egg_5",
			"from": [6, 4, 7.5],
			"to": [9, 7, 8.5],
			"faces": {
				"north": {"uv": [9, 9, 6, 12], "texture": "#0"},
				"east": {"uv": [8, 9, 9, 12], "texture": "#0"},
				"south": {"uv": [6, 9, 9, 12], "texture": "#0"},
				"west": {"uv": [6, 9, 7, 12], "texture": "#0"},
				"down": {"uv": [6, 11, 9, 12], "texture": "#0"}
			}
		},
		{
			"name": "phantom_spawn_egg_6",
			"from": [9, 6, 7.5],
			"to": [10, 7, 8.5],
			"faces": {
				"north": {"uv": [10, 9, 9, 10], "texture": "#0"},
				"east": {"uv": [9, 9, 10, 10], "texture": "#0"},
				"south": {"uv": [9, 9, 10, 10], "texture": "#0"},
				"down": {"uv": [9, 9, 10, 10], "texture": "#0"}
			}
		},
		{
			"name": "phantom_spawn_egg_7",
			"from": [15, 6, 7.5],
			"to": [16, 7, 8.5],
			"faces": {
				"north": {"uv": [16, 9, 15, 10], "texture": "#0"},
				"east": {"uv": [15, 9, 16, 10], "texture": "#0"},
				"south": {"uv": [15, 9, 16, 10], "texture": "#0"},
				"west": {"uv": [15, 9, 16, 10], "texture": "#0"},
				"down": {"uv": [15, 9, 16, 10], "texture": "#0"}
			}
		},
		{
			"name": "phantom_spawn_egg_8",
			"from": [0, 5, 7.5],
			"to": [1, 6, 8.5],
			"faces": {
				"north": {"uv": [1, 10, 0, 11], "texture": "#0"},
				"east": {"uv": [0, 10, 1, 11], "texture": "#0"},
				"south": {"uv": [0, 10, 1, 11], "texture": "#0"},
				"west": {"uv": [0, 10, 1, 11], "texture": "#0"},
				"down": {"uv": [0, 10, 1, 11], "texture": "#0"}
			}
		},
		{
			"name": "phantom_spawn_egg_9",
			"from": [5, 2, 7.5],
			"to": [7, 4, 8.5],
			"faces": {
				"north": {"uv": [7, 12, 5, 14], "texture": "#0"},
				"east": {"uv": [6, 12, 7, 14], "texture": "#0"},
				"south": {"uv": [5, 12, 7, 14], "texture": "#0"},
				"west": {"uv": [5, 12, 6, 14], "texture": "#0"},
				"up": {"uv": [5, 12, 7, 13], "texture": "#0"},
				"down": {"uv": [5, 13, 7, 14], "texture": "#0"}
			}
		},
		{
			"name": "phantom_spawn_egg_10",
			"from": [7, 3, 7.5],
			"to": [8, 4, 8.5],
			"faces": {
				"north": {"uv": [8, 12, 7, 13], "texture": "#0"},
				"east": {"uv": [7, 12, 8, 13], "texture": "#0"},
				"south": {"uv": [7, 12, 8, 13], "texture": "#0"},
				"down": {"uv": [7, 12, 8, 13], "texture": "#0"}
			}
		}
	],
	"groups": [
		{
			"name": "phantom_spawn_egg",
			"origin": [8, 8, 8],
			"color": 0,
			"children": [0, 1, 2, 3, 4, 5, 6, 7, 8, 9, 10]
		}
	]
}