{
	"credit": "Made with Blockbench",
	"parent": "item/fake_generated",
	"textures": {
		"0": "item/allay_spawn_egg"
	},
	"elements": [
		{
			"name": "allay_spawn_egg_0",
			"from": [3, 5, 7.5],
			"to": [10, 13, 8.5],
			"faces": {
				"north": {"uv": [10, 3, 3, 11], "texture": "#0"},
				"east": {"uv": [9, 3, 10, 11], "texture": "#0"},
				"south": {"uv": [3, 3, 10, 11], "texture": "#0"},
				"west": {"uv": [3, 3, 4, 11], "texture": "#0"},
				"up": {"uv": [3, 3, 10, 4], "texture": "#0"},
				"down": {"uv": [3, 10, 10, 11], "texture": "#0"}
			}
		},
		{
			"name": "allay_spawn_egg_1",
			"from": [10, 6, 7.5],
			"to": [13, 10, 8.5],
			"faces": {
				"north": {"uv": [13, 6, 10, 10], "texture": "#0"},
				"east": {"uv": [12, 6, 13, 10], "texture": "#0"},
				"south": {"uv": [10, 6, 13, 10], "texture": "#0"},
				"up": {"uv": [10, 6, 13, 7], "texture": "#0"},
				"down": {"uv": [10, 9, 13, 10], "texture": "#0"}
			}
		},
		{
			"name": "allay_spawn_egg_2",
			"from": [13, 5, 7.5],
			"to": [14, 8, 8.5],
			"faces": {
				"north": {"uv": [14, 8, 13, 11], "texture": "#0"},
				"east": {"uv": [13, 8, 14, 11], "texture": "#0"},
				"south": {"uv": [13, 8, 14, 11], "texture": "#0"},
				"up": {"uv": [13, 8, 14, 9], "texture": "#0"},
				"down": {"uv": [13, 10, 14, 11], "texture": "#0"}
			}
		},
		{
			"name": "allay_spawn_egg_3",
			"from": [2, 5, 7.5],
			"to": [3, 7, 8.5],
			"faces": {
				"north": {"uv": [3, 9, 2, 11], "texture": "#0"},
				"south": {"uv": [2, 9, 3, 11], "texture": "#0"},
				"west": {"uv": [2, 9, 3, 11], "texture": "#0"},
				"up": {"uv": [2, 9, 3, 10], "texture": "#0"},
				"down": {"uv": [2, 10, 3, 11], "texture": "#0"}
			}
		},
		{
			"name": "allay_spawn_egg_4",
			"from": [12, 5, 7.5],
			"to": [13, 6, 8.5],
			"faces": {
				"north": {"uv": [13, 10, 12, 11], "texture": "#0"},
				"south": {"uv": [12, 10, 13, 11], "texture": "#0"},
				"west": {"uv": [12, 10, 13, 11], "texture": "#0"},
				"down": {"uv": [12, 10, 13, 11], "texture": "#0"}
			}
		},
		{
			"name": "allay_spawn_egg_5",
			"from": [5, 4, 7.5],
			"to": [10, 5, 8.5],
			"faces": {
				"north": {"uv": [10, 11, 5, 12], "texture": "#0"},
				"east": {"uv": [9, 11, 10, 12], "texture": "#0"},
				"south": {"uv": [5, 11, 10, 12], "texture": "#0"},
				"west": {"uv": [5, 11, 6, 12], "texture": "#0"},
				"down": {"uv": [5, 11, 10, 12], "texture": "#0"}
			}
		},
		{
			"name": "allay_spawn_egg_6",
			"from": [6, 3, 7.5],
			"to": [8, 4, 8.5],
			"faces": {
				"north": {"uv": [8, 12, 6, 13], "texture": "#0"},
				"east": {"uv": [7, 12, 8, 13], "texture": "#0"},
				"south": {"uv": [6, 12, 8, 13], "texture": "#0"},
				"west": {"uv": [6, 12, 7, 13], "texture": "#0"},
				"down": {"uv": [6, 12, 8, 13], "texture": "#0"}
			}
		}
	],
	"groups": [
		{
			"name": "allay_spawn_egg",
			"origin": [8, 8, 8],
			"color": 0,
			"children": [0, 1, 2, 3, 4, 5, 6]
		}
	]
}