{
	"credit": "Made with Blockbench",
	"parent": "item/fake_generated",
	"textures": {
		"0": "item/bee_spawn_egg"
	},
	"elements": [
		{
			"name": "bee_spawn_egg_0",
			"from": [2, 10, 7.5],
			"to": [5, 13, 8.5],
			"faces": {
				"north": {"uv": [5, 3, 2, 6], "texture": "#0"},
				"east": {"uv": [4, 3, 5, 6], "texture": "#0"},
				"south": {"uv": [2, 3, 5, 6], "texture": "#0"},
				"west": {"uv": [2, 3, 3, 6], "texture": "#0"},
				"up": {"uv": [2, 3, 5, 4], "texture": "#0"},
				"down": {"uv": [2, 5, 5, 6], "texture": "#0"}
			}
		},
		{
			"name": "bee_spawn_egg_1",
			"from": [9, 10, 7.5],
			"to": [13, 13, 8.5],
			"faces": {
				"north": {"uv": [13, 3, 9, 6], "texture": "#0"},
				"east": {"uv": [12, 3, 13, 6], "texture": "#0"},
				"south": {"uv": [9, 3, 13, 6], "texture": "#0"},
				"west": {"uv": [9, 3, 10, 6], "texture": "#0"},
				"up": {"uv": [9, 3, 13, 4], "texture": "#0"},
				"down": {"uv": [9, 5, 13, 6], "texture": "#0"}
			}
		},
		{
			"name": "bee_spawn_egg_2",
			"from": [5, 4, 7.5],
			"to": [6, 12, 8.5],
			"faces": {
				"north": {"uv": [6, 4, 5, 12], "texture": "#0"},
				"east": {"uv": [5, 4, 6, 12], "texture": "#0"},
				"south": {"uv": [5, 4, 6, 12], "texture": "#0"},
				"up": {"uv": [5, 4, 6, 5], "texture": "#0"},
				"down": {"uv": [5, 11, 6, 12], "texture": "#0"}
			}
		},
		{
			"name": "bee_spawn_egg_3",
			"from": [8, 2, 7.5],
			"to": [9, 12, 8.5],
			"faces": {
				"north": {"uv": [9, 4, 8, 14], "texture": "#0"},
				"east": {"uv": [8, 4, 9, 14], "texture": "#0"},
				"south": {"uv": [8, 4, 9, 14], "texture": "#0"},
				"west": {"uv": [8, 4, 9, 14], "texture": "#0"},
				"up": {"uv": [8, 4, 9, 5], "texture": "#0"},
				"down": {"uv": [8, 13, 9, 14], "texture": "#0"}
			}
		},
		{
			"name": "bee_spawn_egg_4",
			"from": [6, 4, 7.5],
			"to": [8, 11, 8.5],
			"faces": {
				"north": {"uv": [8, 5, 6, 12], "texture": "#0"},
				"south": {"uv": [6, 5, 8, 12], "texture": "#0"},
				"up": {"uv": [6, 5, 8, 6], "texture": "#0"},
				"down": {"uv": [6, 11, 8, 12], "texture": "#0"}
			}
		},
		{
			"name": "bee_spawn_egg_5",
			"from": [3, 4, 7.5],
			"to": [5, 10, 8.5],
			"faces": {
				"north": {"uv": [5, 6, 3, 12], "texture": "#0"},
				"south": {"uv": [3, 6, 5, 12], "texture": "#0"},
				"west": {"uv": [3, 6, 4, 12], "texture": "#0"},
				"down": {"uv": [3, 11, 5, 12], "texture": "#0"}
			}
		},
		{
			"name": "bee_spawn_egg_6",
			"from": [9, 4, 7.5],
			"to": [12, 10, 8.5],
			"faces": {
				"north": {"uv": [12, 6, 9, 12], "texture": "#0"},
				"east": {"uv": [11, 6, 12, 12], "texture": "#0"},
				"south": {"uv": [9, 6, 12, 12], "texture": "#0"},
				"down": {"uv": [9, 11, 12, 12], "texture": "#0"}
			}
		},
		{
			"name": "bee_spawn_egg_7",
			"from": [12, 4, 7.5],
			"to": [13, 9, 8.5],
			"faces": {
				"north": {"uv": [13, 7, 12, 12], "texture": "#0"},
				"east": {"uv": [12, 7, 13, 12], "texture": "#0"},
				"south": {"uv": [12, 7, 13, 12], "texture": "#0"},
				"up": {"uv": [12, 7, 13, 8], "texture": "#0"},
				"down": {"uv": [12, 11, 13, 12], "texture": "#0"}
			}
		},
		{
			"name": "bee_spawn_egg_8",
			"from": [2, 4, 7.5],
			"to": [3, 8, 8.5],
			"faces": {
				"north": {"uv": [3, 8, 2, 12], "texture": "#0"},
				"south": {"uv": [2, 8, 3, 12], "texture": "#0"},
				"west": {"uv": [2, 8, 3, 12], "texture": "#0"},
				"up": {"uv": [2, 8, 3, 9], "texture": "#0"},
				"down": {"uv": [2, 11, 3, 12], "texture": "#0"}
			}
		},
		{
			"name": "bee_spawn_egg_9",
			"from": [4, 2, 7.5],
			"to": [5, 4, 8.5],
			"faces": {
				"north": {"uv": [5, 12, 4, 14], "texture": "#0"},
				"east": {"uv": [4, 12, 5, 14], "texture": "#0"},
				"south": {"uv": [4, 12, 5, 14], "texture": "#0"},
				"west": {"uv": [4, 12, 5, 14], "texture": "#0"},
				"down": {"uv": [4, 13, 5, 14], "texture": "#0"}
			}
		},
		{
			"name": "bee_spawn_egg_10",
			"from": [6, 2, 7.5],
			"to": [7, 4, 8.5],
			"faces": {
				"north": {"uv": [7, 12, 6, 14], "texture": "#0"},
				"east": {"uv": [6, 12, 7, 14], "texture": "#0"},
				"south": {"uv": [6, 12, 7, 14], "texture": "#0"},
				"west": {"uv": [6, 12, 7, 14], "texture": "#0"},
				"down": {"uv": [6, 13, 7, 14], "texture": "#0"}
			}
		},
		{
			"name": "bee_spawn_egg_11",
			"from": [10, 2, 7.5],
			"to": [11, 4, 8.5],
			"faces": {
				"north": {"uv": [11, 12, 10, 14], "texture": "#0"},
				"east": {"uv": [10, 12, 11, 14], "texture": "#0"},
				"south": {"uv": [10, 12, 11, 14], "texture": "#0"},
				"west": {"uv": [10, 12, 11, 14], "texture": "#0"},
				"down": {"uv": [10, 13, 11, 14], "texture": "#0"}
			}
		}
	],
	"groups": [
		{
			"name": "bee_spawn_egg",
			"origin": [8, 8, 8],
			"color": 0,
			"children": [0, 1, 2, 3, 4, 5, 6, 7, 8, 9, 10, 11]
		}
	]
}