{
	"credit": "Made with Blockbench",
	"texture_size": [64, 32],
	"textures": {
		"minecart": "entity/minecart",
		"block_front": "item/chest_minecart_front",
		"block_side": "item/chest_minecart_side",
		"block_back": "item/chest_minecart_back",
		"particle": "item/chest_minecart_top",
		"block_top": "item/chest_minecart_top"
	},
	"elements": [
		{
			"name": "North End",
			"from": [0, 2, -2],
			"to": [16, 10, 0],
			"faces": {
				"north": {"uv": [5, 1, 9, 5], "texture": "#minecart"},
				"east": {"uv": [4.5, 1, 5, 5], "texture": "#minecart"},
				"south": {"uv": [0.5, 1, 4.5, 5], "texture": "#minecart"},
				"west": {"uv": [0, 1, 0.5, 5], "texture": "#minecart"},
				"up": {"uv": [0.5, 0, 4.5, 1], "texture": "#minecart"}
			}
		},
		{
			"name": "South End",
			"from": [0, 2, 16],
			"to": [16, 10, 18],
			"faces": {
				"north": {"uv": [0.5, 1, 4.5, 5], "texture": "#minecart"},
				"east": {"uv": [0, 1, 0.5, 5], "texture": "#minecart"},
				"south": {"uv": [5, 1, 9, 5], "texture": "#minecart"},
				"west": {"uv": [0.5, 1, 0, 5], "texture": "#minecart"},
				"up": {"uv": [0.5, 0, 4.5, 1], "rotation": 180, "texture": "#minecart"}
			}
		},
		{
			"name": "West Side",
			"from": [0, 2, 0],
			"to": [2, 10, 16],
			"faces": {
				"east": {"uv": [0.5, 1, 4.5, 5], "texture": "#minecart"},
				"west": {"uv": [5, 1, 9, 5], "texture": "#minecart"},
				"up": {"uv": [0.5, 0, 4.5, 1], "rotation": 270, "texture": "#minecart"}
			}
		},
		{
			"name": "East Side",
			"from": [14, 2, 0],
			"to": [16, 10, 16],
			"faces": {
				"east": {"uv": [5, 1, 9, 5], "texture": "#minecart"},
				"west": {"uv": [0.5, 1, 4.5, 5], "texture": "#minecart"},
				"up": {"uv": [0.5, 0, 4.5, 1], "rotation": 90, "texture": "#minecart"}
			}
		},
		{
			"name": "Bottom",
			"from": [0, 0, -2],
			"to": [16, 2, 18],
			"faces": {
				"north": {"uv": [5.5, 6, 6, 14], "rotation": 270, "texture": "#minecart"},
				"east": {"uv": [0.5, 5, 5.5, 6], "texture": "#minecart"},
				"south": {"uv": [0, 6, 0.5, 14], "rotation": 90, "texture": "#minecart"},
				"west": {"uv": [5.5, 5, 10.5, 6], "texture": "#minecart"},
				"up": {"uv": [11, 14.09375, 6, 6.09375], "rotation": 90, "texture": "#minecart"},
				"down": {"uv": [0.5, 14, 5.5, 6], "rotation": 90, "texture": "#minecart"}
			}
		},
		{
			"name": "Chest",
			"from": [3, 5, 3],
			"to": [13, 15, 13],
			"faces": {
				"north": {"uv": [0, 0, 14, 14], "texture": "#block_front"},
				"east": {"uv": [0, 0, 14, 14], "texture": "#block_side"},
				"south": {"uv": [0, 0, 14, 14], "texture": "#block_back"},
				"west": {"uv": [0, 0, 14, 14], "texture": "#block_side"},
				"up": {"uv": [0, 0, 14, 14], "texture": "#block_top"}
			}
		},
		{
			"name": "Latch",
			"from": [7.2857, 10, 2.2857],
			"to": [8.7143, 12.8571, 3],
			"faces": {
				"north": {"uv": [14, 0, 16, 4], "rotation": 180, "texture": "#block_front"},
				"east": {"uv": [14, 10, 15, 14], "rotation": 180, "texture": "#block_front"},
				"west": {"uv": [15, 10, 16, 14], "rotation": 180, "texture": "#block_front"},
				"up": {"uv": [14, 15, 16, 16], "rotation": 180, "texture": "#block_front"}
			}
		}
	],
	"display": {
		"thirdperson_righthand": {
			"rotation": [75, 45, 0],
			"translation": [0, 2.5, 0],
			"scale": [0.375, 0.375, 0.375]
		},
		"firstperson_righthand": {
			"rotation": [0, 45, 0],
			"translation": [0, 1.5, 0],
			"scale": [0.4, 0.4, 0.4]
		},
		"ground": {
			"translation": [0, 3, 0],
			"scale": [0.25, 0.25, 0.25]
		},
		"gui": {
			"rotation": [30, 135, 0],
			"translation": [0, 1, 0],
			"scale": [0.625, 0.625, 0.625]
		},
		"head": {
			"translation": [0, 13, 0]
		},
		"fixed": {
			"rotation": [0, 90, 0],
			"scale": [0.5, 0.5, 0.5]
		}
	}
}