{
	"credit": "Made with Blockbench",
	"parent": "item/fake_generated",
	"textures": {
		"0": "item/creaking_spawn_egg"
	},
	"elements": [
		{
			"name": "creaking_spawn_egg_0",
			"from": [1, 13, 7.5],
			"to": [3, 16, 8.5],
			"faces": {
				"north": {"uv": [3, 0, 1, 3], "texture": "#0"},
				"east": {"uv": [2, 0, 3, 3], "texture": "#0"},
				"south": {"uv": [1, 0, 3, 3], "texture": "#0"},
				"west": {"uv": [1, 0, 2, 3], "texture": "#0"},
				"up": {"uv": [1, 0, 3, 1], "texture": "#0"},
				"down": {"uv": [1, 2, 3, 3], "texture": "#0"}
			}
		},
		{
			"name": "creaking_spawn_egg_1",
			"from": [4, 4, 7.5],
			"to": [6, 16, 8.5],
			"faces": {
				"north": {"uv": [6, 0, 4, 12], "texture": "#0"},
				"east": {"uv": [5, 0, 6, 12], "texture": "#0"},
				"south": {"uv": [4, 0, 6, 12], "texture": "#0"},
				"west": {"uv": [4, 0, 5, 12], "texture": "#0"},
				"up": {"uv": [4, 0, 6, 1], "texture": "#0"},
				"down": {"uv": [4, 11, 6, 12], "texture": "#0"}
			}
		},
		{
			"name": "creaking_spawn_egg_2",
			"from": [7, 0, 7.5],
			"to": [10, 16, 8.5],
			"faces": {
				"north": {"uv": [10, 0, 7, 16], "texture": "#0"},
				"east": {"uv": [9, 0, 10, 16], "texture": "#0"},
				"south": {"uv": [7, 0, 10, 16], "texture": "#0"},
				"west": {"uv": [7, 0, 8, 16], "texture": "#0"},
				"up": {"uv": [7, 0, 10, 1], "texture": "#0"},
				"down": {"uv": [7, 15, 10, 16], "texture": "#0"}
			}
		},
		{
			"name": "creaking_spawn_egg_3",
			"from": [11, 13, 7.5],
			"to": [13, 16, 8.5],
			"faces": {
				"north": {"uv": [13, 0, 11, 3], "texture": "#0"},
				"east": {"uv": [12, 0, 13, 3], "texture": "#0"},
				"south": {"uv": [11, 0, 13, 3], "texture": "#0"},
				"west": {"uv": [11, 0, 12, 3], "texture": "#0"},
				"up": {"uv": [11, 0, 13, 1], "texture": "#0"},
				"down": {"uv": [11, 2, 13, 3], "texture": "#0"}
			}
		},
		{
			"name": "creaking_spawn_egg_4",
			"from": [3, 3, 7.5],
			"to": [4, 15, 8.5],
			"faces": {
				"north": {"uv": [4, 1, 3, 13], "texture": "#0"},
				"south": {"uv": [3, 1, 4, 13], "texture": "#0"},
				"west": {"uv": [3, 1, 4, 13], "texture": "#0"},
				"up": {"uv": [3, 1, 4, 2], "texture": "#0"},
				"down": {"uv": [3, 12, 4, 13], "texture": "#0"}
			}
		},
		{
			"name": "creaking_spawn_egg_5",
			"from": [6, 7, 7.5],
			"to": [7, 15, 8.5],
			"faces": {
				"north": {"uv": [7, 1, 6, 9], "texture": "#0"},
				"south": {"uv": [6, 1, 7, 9], "texture": "#0"},
				"up": {"uv": [6, 1, 7, 2], "texture": "#0"},
				"down": {"uv": [6, 8, 7, 9], "texture": "#0"}
			}
		},
		{
			"name": "creaking_spawn_egg_6",
			"from": [10, 0, 7.5],
			"to": [11, 15, 8.5],
			"faces": {
				"north": {"uv": [11, 1, 10, 16], "texture": "#0"},
				"east": {"uv": [10, 1, 11, 16], "texture": "#0"},
				"south": {"uv": [10, 1, 11, 16], "texture": "#0"},
				"up": {"uv": [10, 1, 11, 2], "texture": "#0"},
				"down": {"uv": [10, 15, 11, 16], "texture": "#0"}
			}
		},
		{
			"name": "creaking_spawn_egg_7",
			"from": [2, 11, 7.5],
			"to": [3, 13, 8.5],
			"faces": {
				"north": {"uv": [3, 3, 2, 5], "texture": "#0"},
				"south": {"uv": [2, 3, 3, 5], "texture": "#0"},
				"west": {"uv": [2, 3, 3, 5], "texture": "#0"},
				"down": {"uv": [2, 4, 3, 5], "texture": "#0"}
			}
		},
		{
			"name": "creaking_spawn_egg_8",
			"from": [11, 4, 7.5],
			"to": [12, 13, 8.5],
			"faces": {
				"north": {"uv": [12, 3, 11, 12], "texture": "#0"},
				"east": {"uv": [11, 3, 12, 12], "texture": "#0"},
				"south": {"uv": [11, 3, 12, 12], "texture": "#0"},
				"down": {"uv": [11, 11, 12, 12], "texture": "#0"}
			}
		},
		{
			"name": "creaking_spawn_egg_9",
			"from": [12, 4, 7.5],
			"to": [13, 12, 8.5],
			"faces": {
				"north": {"uv": [13, 4, 12, 12], "texture": "#0"},
				"east": {"uv": [12, 4, 13, 12], "texture": "#0"},
				"south": {"uv": [12, 4, 13, 12], "texture": "#0"},
				"up": {"uv": [12, 4, 13, 5], "texture": "#0"},
				"down": {"uv": [12, 11, 13, 12], "texture": "#0"}
			}
		},
		{
			"name": "creaking_spawn_egg_10",
			"from": [6, 0, 7.5],
			"to": [7, 6, 8.5],
			"faces": {
				"north": {"uv": [7, 10, 6, 16], "texture": "#0"},
				"south": {"uv": [6, 10, 7, 16], "texture": "#0"},
				"west": {"uv": [6, 10, 7, 16], "texture": "#0"},
				"up": {"uv": [6, 10, 7, 11], "texture": "#0"},
				"down": {"uv": [6, 15, 7, 16], "texture": "#0"}
			}
		},
		{
			"name": "creaking_spawn_egg_11",
			"from": [4, 3, 7.5],
			"to": [5, 4, 8.5],
			"faces": {
				"north": {"uv": [5, 12, 4, 13], "texture": "#0"},
				"east": {"uv": [4, 12, 5, 13], "texture": "#0"},
				"south": {"uv": [4, 12, 5, 13], "texture": "#0"},
				"down": {"uv": [4, 12, 5, 13], "texture": "#0"}
			}
		}
	],
	"groups": [
		{
			"name": "creaking_spawn_egg",
			"origin": [8, 8, 8],
			"color": 0,
			"children": [0, 1, 2, 3, 4, 5, 6, 7, 8, 9, 10, 11]
		}
	]
}