{
	"credit": "Made with Blockbench",
	"parent": "item/fake_generated",
	"textures": {
		"0": "item/frog_spawn_egg"
	},
	"elements": [
		{
			"name": "frog_spawn_egg_0",
			"from": [2, 3, 7.5],
			"to": [14, 10, 8.5],
			"faces": {
				"north": {"uv": [14, 6, 2, 13], "texture": "#0"},
				"east": {"uv": [13, 6, 14, 13], "texture": "#0"},
				"south": {"uv": [2, 6, 14, 13], "texture": "#0"},
				"west": {"uv": [2, 6, 3, 13], "texture": "#0"},
				"up": {"uv": [2, 6, 14, 7], "texture": "#0"},
				"down": {"uv": [2, 12, 14, 13], "texture": "#0"}
			}
		},
		{
			"name": "frog_spawn_egg_1",
			"from": [14, 3, 7.5],
			"to": [15, 7, 8.5],
			"faces": {
				"north": {"uv": [15, 9, 14, 13], "texture": "#0"},
				"east": {"uv": [14, 9, 15, 13], "texture": "#0"},
				"south": {"uv": [14, 9, 15, 13], "texture": "#0"},
				"up": {"uv": [14, 9, 15, 10], "texture": "#0"},
				"down": {"uv": [14, 12, 15, 13], "texture": "#0"}
			}
		},
		{
			"name": "frog_spawn_egg_2",
			"from": [1, 3, 7.5],
			"to": [2, 6, 8.5],
			"faces": {
				"north": {"uv": [2, 10, 1, 13], "texture": "#0"},
				"south": {"uv": [1, 10, 2, 13], "texture": "#0"},
				"west": {"uv": [1, 10, 2, 13], "texture": "#0"},
				"up": {"uv": [1, 10, 2, 11], "texture": "#0"},
				"down": {"uv": [1, 12, 2, 13], "texture": "#0"}
			}
		},
		{
			"name": "frog_spawn_egg_3",
			"from": [2, 2, 7.5],
			"to": [9, 3, 8.5],
			"faces": {
				"north": {"uv": [9, 13, 2, 14], "texture": "#0"},
				"east": {"uv": [8, 13, 9, 14], "texture": "#0"},
				"south": {"uv": [2, 13, 9, 14], "texture": "#0"},
				"west": {"uv": [2, 13, 3, 14], "texture": "#0"},
				"down": {"uv": [2, 13, 9, 14], "texture": "#0"}
			}
		},
		{
			"name": "frog_spawn_egg_4",
			"from": [10, 2, 7.5],
			"to": [14, 3, 8.5],
			"faces": {
				"north": {"uv": [14, 13, 10, 14], "texture": "#0"},
				"east": {"uv": [13, 13, 14, 14], "texture": "#0"},
				"south": {"uv": [10, 13, 14, 14], "texture": "#0"},
				"west": {"uv": [10, 13, 11, 14], "texture": "#0"},
				"down": {"uv": [10, 13, 14, 14], "texture": "#0"}
			}
		}
	],
	"groups": [
		{
			"name": "frog_spawn_egg",
			"origin": [8, 8, 8],
			"color": 0,
			"children": [0, 1, 2, 3, 4]
		}
	]
}