{
	"credit": "Made with Blockbench",
	"texture_size": [128, 64],
	"elements": [
		{
			"name": "left",
			"from": [-2, 3, -6],
			"to": [0, 9, 22],
			"faces": {
				"north": {"uv": [0.25, 11.25, 0, 12.75], "texture": "#boat"},
				"east": {"uv": [3.75, 11.25, 0.25, 12.75], "texture": "#boat"},
				"south": {"uv": [4, 11.25, 3.75, 12.75], "texture": "#boat"},
				"west": {"uv": [4, 11.25, 7.5, 12.75], "texture": "#boat"},
				"up": {"uv": [3.75, 11.25, 0.25, 10.75], "rotation": 90, "texture": "#boat"},
				"down": {"uv": [3.75, 10.75, 7.25, 11.25], "rotation": 270, "texture": "#boat"}
			}
		},
		{
			"name": "right",
			"from": [16, 3, -6],
			"to": [18, 9, 22],
			"faces": {
				"north": {"uv": [0.25, 9.25, 0, 10.75], "texture": "#boat"},
				"east": {"uv": [4, 9.25, 7.5, 10.75], "texture": "#boat"},
				"south": {"uv": [4, 9.25, 3.75, 10.75], "texture": "#boat"},
				"west": {"uv": [3.75, 9.25, 0.25, 10.75], "texture": "#boat"},
				"up": {"uv": [0.25, 8.75, 3.75, 9.25], "rotation": 90, "texture": "#boat"},
				"down": {"uv": [3.75, 8.75, 7.25, 9.25], "rotation": 270, "texture": "#boat"}
			}
		},
		{
			"name": "back",
			"from": [-1, 3, 22],
			"to": [17, 9, 24],
			"faces": {
				"north": {"uv": [2.5, 5.25, 0.25, 6.75], "texture": "#boat"},
				"east": {"uv": [2.75, 5.25, 2.5, 6.75], "texture": "#boat"},
				"south": {"uv": [2.75, 5.25, 5, 6.75], "texture": "#boat"},
				"west": {"uv": [0.25, 5.25, 0, 6.75], "texture": "#boat"},
				"up": {"uv": [2.5, 5.25, 0.25, 4.75], "texture": "#boat"},
				"down": {"uv": [2.5, 4.75, 4.75, 5.25], "texture": "#boat"}
			}
		},
		{
			"name": "front",
			"from": [0, 3, -8],
			"to": [16, 9, -6],
			"faces": {
				"north": {"uv": [2.5, 7.25, 4.5, 8.75], "texture": "#boat"},
				"east": {"uv": [0.25, 7.25, 0, 8.75], "texture": "#boat"},
				"south": {"uv": [0.25, 7.25, 2.25, 8.75], "texture": "#boat"},
				"west": {"uv": [2.5, 7.25, 2.25, 8.75], "texture": "#boat"},
				"up": {"uv": [0.25, 7.25, 2.25, 6.75], "rotation": 180, "texture": "#boat"},
				"down": {"uv": [2.25, 6.75, 4.25, 7.25], "rotation": 180, "texture": "#boat"}
			}
		},
		{
			"name": "bottom",
			"from": [0, 0, -6],
			"to": [16, 3, 22],
			"faces": {
				"north": {"uv": [0.375, 0.75, 0, 4.75], "rotation": 270, "texture": "#boat"},
				"east": {"uv": [0.375, 0.75, 3.875, 0], "rotation": 180, "texture": "#boat"},
				"south": {"uv": [4.25, 0.75, 3.875, 4.75], "rotation": 90, "texture": "#boat"},
				"west": {"uv": [3.875, 0, 7.375, 0.75], "texture": "#boat"},
				"up": {"uv": [4.25, 0.75, 7.75, 4.75], "rotation": 90, "texture": "#boat"},
				"down": {"uv": [0.375, 0.75, 3.875, 4.75], "rotation": 90, "texture": "#boat"}
			}
		},
		{
			"name": "right_oar_shaft",
			"from": [10, 9, 5],
			"to": [28, 11, 7],
			"rotation": {"angle": -45, "axis": "z", "origin": [18, 9, 6]},
			"faces": {
				"north": {"uv": [7.75, 9.5, 10, 10], "texture": "#boat"},
				"east": {"uv": [12.5, 9.5, 12.75, 10], "texture": "#boat"},
				"south": {"uv": [10.25, 9.5, 12.5, 10], "texture": "#boat"},
				"west": {"uv": [10, 9.5, 10.25, 10], "texture": "#boat"},
				"up": {"uv": [10, 5, 10.25, 9.5], "rotation": 90, "texture": "#boat"},
				"down": {"uv": [10.25, 5, 10.5, 9.5], "rotation": 90, "texture": "#boat"}
			}
		},
		{
			"name": "right_oar_blade",
			"from": [23, 8, 6],
			"to": [30, 14, 7],
			"rotation": {"angle": -45, "axis": "z", "origin": [18, 9, 6]},
			"faces": {
				"north": {"uv": [7.75, 6.75, 8.625, 8.25], "texture": "#boat"},
				"east": {"uv": [9.625, 6.75, 9.75, 8.25], "texture": "#boat"},
				"south": {"uv": [8.75, 6.75, 9.625, 8.25], "texture": "#boat"},
				"west": {"uv": [8.625, 6.75, 8.75, 8.25], "texture": "#boat"},
				"up": {"uv": [8.625, 5, 8.75, 6.75], "rotation": 90, "texture": "#boat"},
				"down": {"uv": [8.75, 5, 8.875, 6.75], "rotation": 90, "texture": "#boat"}
			}
		},
		{
			"name": "left_oar_shaft",
			"from": [-4, -1, 5],
			"to": [-2, 17, 7],
			"rotation": {"angle": -45, "axis": "z", "origin": [-2, 9, 6]},
			"faces": {
				"north": {"uv": [10.25, 4.5, 12.5, 5], "rotation": 90, "texture": "#boat"},
				"east": {"uv": [10.25, 0, 10.5, 4.5], "rotation": 180, "texture": "#boat"},
				"south": {"uv": [7.75, 4.5, 10, 5], "rotation": 270, "texture": "#boat"},
				"west": {"uv": [10, 0, 10.25, 4.5], "rotation": 180, "texture": "#boat"},
				"up": {"uv": [10, 4.5, 10.25, 5], "rotation": 270, "texture": "#boat"},
				"down": {"uv": [12.5, 4.5, 12.75, 5], "rotation": 270, "texture": "#boat"}
			}
		},
		{
			"name": "left_oar_blade",
			"from": [-7, -3, 6],
			"to": [-1, 4, 7],
			"rotation": {"angle": -45, "axis": "z", "origin": [-2, 9, 7]},
			"faces": {
				"north": {"uv": [8.75, 1.75, 9.625, 3.25], "rotation": 90, "texture": "#boat"},
				"east": {"uv": [8.75, 0, 8.875, 1.75], "rotation": 180, "texture": "#boat"},
				"south": {"uv": [7.75, 1.75, 8.625, 3.25], "rotation": 270, "texture": "#boat"},
				"west": {"uv": [8.625, 0, 8.75, 1.75], "rotation": 180, "texture": "#boat"},
				"up": {"uv": [8.625, 1.75, 8.75, 3.25], "rotation": 270, "texture": "#boat"},
				"down": {"uv": [9.625, 1.75, 9.75, 3.25], "rotation": 270, "texture": "#boat"}
			}
		}
	],
	"display": {
		"thirdperson_righthand": {
			"rotation": [75, 45, 0],
			"translation": [0, 2.5, 0],
			"scale": [0.375, 0.375, 0.375]
		},
		"firstperson_righthand": {
			"rotation": [0, 45, 0],
			"translation": [0, 1.5, 0],
			"scale": [0.4, 0.4, 0.4]
		},
		"ground": {
			"translation": [0, 3, 0],
			"scale": [0.25, 0.25, 0.25]
		},
		"gui": {
			"rotation": [30, 135, 0],
			"scale": [0.45, 0.45, 0.45]
		},
		"head": {
			"translation": [0, 13, 0]
		},
		"fixed": {
			"rotation": [0, 90, 0],
			"scale": [0.5, 0.5, 0.5]
		}
	}
}