{
	"credit": "Made with Blockbench",
	"texture_size": [128, 128],
	"elements": [
		{
			"name": "left",
			"from": [-2, 3, -6],
			"to": [0, 9, 22],
			"faces": {
				"north": {"uv": [3.75, 5.625, 4, 6.375], "texture": "#boat"},
				"east": {"uv": [0.25, 5.625, 3.75, 6.375], "texture": "#boat"},
				"south": {"uv": [0, 5.625, 0.25, 6.375], "texture": "#boat"},
				"west": {"uv": [4, 5.625, 7.5, 6.375], "texture": "#boat"},
				"up": {"uv": [3.75, 5.625, 0.25, 5.375], "rotation": 90, "texture": "#boat"},
				"down": {"uv": [7.25, 5.625, 3.75, 5.375], "rotation": 90, "texture": "#boat"}
			}
		},
		{
			"name": "right",
			"from": [16, 3, -6],
			"to": [18, 9, 22],
			"faces": {
				"north": {"uv": [0, 4.625, 0.25, 5.375], "texture": "#boat"},
				"east": {"uv": [4, 4.625, 7.5, 5.375], "texture": "#boat"},
				"south": {"uv": [3.75, 4.625, 4, 5.375], "texture": "#boat"},
				"west": {"uv": [0.25, 4.625, 3.75, 5.375], "texture": "#boat"},
				"up": {"uv": [0.25, 4.375, 3.75, 4.625], "rotation": 90, "texture": "#boat"},
				"down": {"uv": [3.75, 4.375, 7.25, 4.625], "rotation": 90, "texture": "#boat"}
			}
		},
		{
			"name": "back",
			"from": [-1, 3, 22],
			"to": [17, 9, 24],
			"faces": {
				"north": {"uv": [2.5, 2.625, 0.25, 3.375], "texture": "#boat"},
				"east": {"uv": [0.25, 2.625, 0, 3.375], "texture": "#boat"},
				"south": {"uv": [2.75, 2.625, 5, 3.375], "texture": "#boat"},
				"west": {"uv": [2.75, 2.625, 2.5, 3.375], "texture": "#boat"},
				"up": {"uv": [2.5, 2.625, 0.25, 2.375], "texture": "#boat"},
				"down": {"uv": [4.75, 2.375, 2.5, 2.625], "texture": "#boat"}
			}
		},
		{
			"name": "front",
			"from": [0, 3, -8],
			"to": [16, 9, -6],
			"faces": {
				"north": {"uv": [2.5, 3.625, 4.5, 4.375], "texture": "#boat"},
				"east": {"uv": [2.25, 3.625, 2.5, 4.375], "texture": "#boat"},
				"south": {"uv": [0.25, 3.625, 2.25, 4.375], "texture": "#boat"},
				"west": {"uv": [0, 3.625, 0.25, 4.375], "texture": "#boat"},
				"up": {"uv": [0.25, 3.375, 2.25, 3.625], "texture": "#boat"},
				"down": {"uv": [2.25, 3.375, 4.25, 3.625], "texture": "#boat"}
			}
		},
		{
			"name": "bottom",
			"from": [0, 0, -6],
			"to": [16, 3, 22],
			"faces": {
				"north": {"uv": [3.875, 0.375, 4.25, 2.375], "rotation": 270, "texture": "#boat"},
				"east": {"uv": [0.375, 0, 3.875, 0.375], "texture": "#boat"},
				"south": {"uv": [0.375, 2.375, 0, 0.375], "rotation": 270, "texture": "#boat"},
				"west": {"uv": [7.375, 0.375, 3.875, 0], "rotation": 180, "texture": "#boat"},
				"up": {"uv": [7.75, 2.375, 4.25, 0.375], "rotation": 270, "texture": "#boat"},
				"down": {"uv": [3.875, 2.375, 0.375, 0.375], "rotation": 270, "texture": "#boat"}
			}
		},
		{
			"name": "right_oar_shaft",
			"from": [10, 9, 5],
			"to": [28, 11, 7],
			"rotation": {"angle": -45, "axis": "z", "origin": [18, 9, 6]},
			"faces": {
				"north": {"uv": [7.75, 4.75, 10, 5], "texture": "#boat"},
				"east": {"uv": [12.5, 4.75, 12.75, 5], "texture": "#boat"},
				"south": {"uv": [10.25, 4.75, 12.5, 5], "texture": "#boat"},
				"west": {"uv": [10, 4.75, 10.25, 5], "texture": "#boat"},
				"up": {"uv": [10, 2.5, 10.25, 4.75], "rotation": 90, "texture": "#boat"},
				"down": {"uv": [10.25, 2.5, 10.5, 4.75], "rotation": 90, "texture": "#boat"}
			}
		},
		{
			"name": "right_oar_blade",
			"from": [23, 8, 6],
			"to": [30, 14, 7],
			"rotation": {"angle": -45, "axis": "z", "origin": [18, 9, 6]},
			"faces": {
				"north": {"uv": [7.75, 3.375, 8.625, 4.125], "texture": "#boat"},
				"east": {"uv": [9.625, 3.375, 9.75, 4.125], "texture": "#boat"},
				"south": {"uv": [8.75, 3.375, 9.625, 4.125], "texture": "#boat"},
				"west": {"uv": [8.625, 3.375, 8.75, 4.125], "texture": "#boat"},
				"up": {"uv": [8.625, 2.5, 8.75, 3.375], "rotation": 90, "texture": "#boat"},
				"down": {"uv": [8.75, 2.5, 8.875, 3.375], "rotation": 90, "texture": "#boat"}
			}
		},
		{
			"name": "left_oar_shaft",
			"from": [-4, -1, 5],
			"to": [-2, 17, 7],
			"rotation": {"angle": -45, "axis": "z", "origin": [-2, 9, 6]},
			"faces": {
				"north": {"uv": [10.25, 2.25, 12.5, 2.5], "rotation": 90, "texture": "#boat"},
				"east": {"uv": [10.25, 2.25, 10.5, 0], "texture": "#boat"},
				"south": {"uv": [10, 2.5, 7.75, 2.25], "rotation": 90, "texture": "#boat"},
				"west": {"uv": [10.25, 2.25, 10, 0], "texture": "#boat"},
				"up": {"uv": [10, 2.5, 10.25, 2.25], "texture": "#boat"},
				"down": {"uv": [12.5, 2.25, 12.75, 2.5], "texture": "#boat"}
			}
		},
		{
			"name": "left_oar_blade",
			"from": [-7, -3, 6],
			"to": [-1, 4, 7],
			"rotation": {"angle": -45, "axis": "z", "origin": [-2, 9, 7]},
			"faces": {
				"north": {"uv": [8.75, 0.875, 9.625, 1.625], "rotation": 90, "texture": "#boat"},
				"east": {"uv": [8.75, 0.875, 8.875, 0], "texture": "#boat"},
				"south": {"uv": [8.625, 1.625, 7.75, 0.875], "rotation": 90, "texture": "#boat"},
				"west": {"uv": [8.75, 0.875, 8.625, 0], "rotation": 180, "texture": "#boat"},
				"up": {"uv": [8.75, 1.625, 8.625, 0.875], "rotation": 90, "texture": "#boat"},
				"down": {"uv": [9.75, 1.625, 9.625, 0.875], "rotation": 90, "texture": "#boat"}
			}
		},
		{
			"name": "chest_bottom",
			"from": [2, 3, 10],
			"to": [14, 11, 22],
			"faces": {
				"north": {"uv": [1.5, 11, 3, 12], "texture": "#boat"},
				"east": {"uv": [0, 11, 1.5, 12], "texture": "#boat"},
				"south": {"uv": [4.5, 11, 6, 12], "texture": "#boat"},
				"west": {"uv": [3, 11, 4.5, 12], "texture": "#boat"}
			}
		},
		{
			"name": "chest_top",
			"from": [2, 11, 10],
			"to": [14, 15, 22],
			"faces": {
				"north": {"uv": [1.5, 8.875, 3, 9.375], "texture": "#boat"},
				"east": {"uv": [0, 8.875, 1.5, 9.375], "texture": "#boat"},
				"south": {"uv": [4.5, 8.875, 6, 9.375], "texture": "#boat"},
				"west": {"uv": [3, 8.875, 4.5, 9.375], "texture": "#boat"},
				"up": {"uv": [1.5, 7.375, 3, 8.875], "rotation": 180, "texture": "#boat"}
			}
		},
		{
			"name": "chest_clasp",
			"from": [7, 8, 9],
			"to": [9, 12, 10],
			"faces": {
				"north": {"uv": [0.125, 7.5, 0.375, 8], "texture": "#boat"},
				"east": {"uv": [0, 7.5, 0.125, 8], "texture": "#boat"},
				"west": {"uv": [0.375, 7.5, 0.5, 8], "texture": "#boat"},
				"up": {"uv": [0.125, 7.375, 0.375, 7.5], "texture": "#boat"},
				"down": {"uv": [0.375, 7.375, 0.625, 7.5], "texture": "#boat"}
			}
		}
	],
	"display": {
		"thirdperson_righthand": {
			"rotation": [75, 45, 0],
			"translation": [0, 2.5, 0],
			"scale": [0.375, 0.375, 0.375]
		},
		"firstperson_righthand": {
			"rotation": [0, 45, 0],
			"translation": [0, 1.5, 0],
			"scale": [0.4, 0.4, 0.4]
		},
		"ground": {
			"translation": [0, 3, 0],
			"scale": [0.25, 0.25, 0.25]
		},
		"gui": {
			"rotation": [30, 135, 0],
			"scale": [0.45, 0.45, 0.45]
		},
		"head": {
			"translation": [0, 13, 0]
		},
		"fixed": {
			"rotation": [0, 90, 0],
			"scale": [0.5, 0.5, 0.5]
		}
	}
}