{
	"credit": "Made with Blockbench",
	"parent": "item/fake_generated",
	"textures": {
		"0": "item/zombie_spawn_egg"
	},
	"elements": [
		{
			"name": "zombie_spawn_egg_0",
			"from": [4, 7, 7.5],
			"to": [12, 15, 8.5],
			"faces": {
				"north": {"uv": [12, 1, 4, 9], "texture": "#0"},
				"east": {"uv": [11, 1, 12, 9], "texture": "#0"},
				"south": {"uv": [4, 1, 12, 9], "texture": "#0"},
				"west": {"uv": [4, 1, 5, 9], "texture": "#0"},
				"up": {"uv": [4, 1, 12, 2], "texture": "#0"},
				"down": {"uv": [4, 8, 12, 9], "texture": "#0"}
			}
		},
		{
			"name": "zombie_spawn_egg_1",
			"from": [3, 11, 7.5],
			"to": [4, 13, 8.5],
			"faces": {
				"north": {"uv": [4, 3, 3, 5], "texture": "#0"},
				"south": {"uv": [3, 3, 4, 5], "texture": "#0"},
				"west": {"uv": [3, 3, 4, 5], "texture": "#0"},
				"up": {"uv": [3, 3, 4, 4], "texture": "#0"},
				"down": {"uv": [3, 4, 4, 5], "texture": "#0"}
			}
		},
		{
			"name": "zombie_spawn_egg_2",
			"from": [1, 8, 7.5],
			"to": [4, 10, 8.5],
			"faces": {
				"north": {"uv": [4, 6, 1, 8], "texture": "#0"},
				"south": {"uv": [1, 6, 4, 8], "texture": "#0"},
				"west": {"uv": [1, 6, 2, 8], "texture": "#0"},
				"up": {"uv": [1, 6, 4, 7], "texture": "#0"},
				"down": {"uv": [1, 7, 4, 8], "texture": "#0"}
			}
		},
		{
			"name": "zombie_spawn_egg_3",
			"from": [12, 7, 7.5],
			"to": [13, 9, 8.5],
			"faces": {
				"north": {"uv": [13, 7, 12, 9], "texture": "#0"},
				"east": {"uv": [12, 7, 13, 9], "texture": "#0"},
				"south": {"uv": [12, 7, 13, 9], "texture": "#0"},
				"up": {"uv": [12, 7, 13, 8], "texture": "#0"},
				"down": {"uv": [12, 8, 13, 9], "texture": "#0"}
			}
		},
		{
			"name": "zombie_spawn_egg_4",
			"from": [2, 7, 7.5],
			"to": [4, 8, 8.5],
			"faces": {
				"north": {"uv": [4, 8, 2, 9], "texture": "#0"},
				"south": {"uv": [2, 8, 4, 9], "texture": "#0"},
				"west": {"uv": [2, 8, 3, 9], "texture": "#0"},
				"down": {"uv": [2, 8, 4, 9], "texture": "#0"}
			}
		},
		{
			"name": "zombie_spawn_egg_5",
			"from": [5, 1, 7.5],
			"to": [11, 7, 8.5],
			"faces": {
				"north": {"uv": [11, 9, 5, 15], "texture": "#0"},
				"east": {"uv": [10, 9, 11, 15], "texture": "#0"},
				"south": {"uv": [5, 9, 11, 15], "texture": "#0"},
				"west": {"uv": [5, 9, 6, 15], "texture": "#0"},
				"down": {"uv": [5, 14, 11, 15], "texture": "#0"}
			}
		}
	],
	"groups": [
		{
			"name": "zombie_spawn_egg",
			"origin": [8, 8, 8],
			"color": 0,
			"children": [0, 1, 2, 3, 4, 5]
		}
	]
}