{
  "entity.villager.hurt": {
    "replace": true,
    "sounds": [
      { "name": "entity/villager/yametekudasai", "stream": false, "weight": 1, "volume": 1.0, "pitch": 1.0 },
      { "name": "entity/villager/eyah",   "stream": false, "weight": 1, "volume": 1.0, "pitch": 1.0 },
      { "name": "entity/villager/euh",     "stream": false, "weight": 1, "volume": 1.0, "pitch": 1.0 },
      { "name": "entity/villager/ah",      "stream": false, "weight": 1, "volume": 1.0, "pitch": 1.0 }
    ]
  }
}
