{
	"credit": "Made with Blockbench",
	"parent": "block/thin_block",
	"textures": {
		"particle": "block/moss_block",
		"top": "block/moss_block",
		"side": "block/moss_carpet_side"
	},
	"elements": [
		{
			"from": [0, 0, 0],
			"to": [16, 1, 16],
			"faces": {
				"north": {"uv": [0, 0, 16, 1], "texture": "#side", "cullface": "north"},
				"east": {"uv": [0, 0, 16, 1], "texture": "#side", "cullface": "east"},
				"south": {"uv": [0, 0, 16, 1], "texture": "#side", "cullface": "south"},
				"west": {"uv": [0, 0, 16, 1], "texture": "#side", "cullface": "west"},
				"up": {"uv": [0, 0, 16, 16], "texture": "#top"}
			}
		},
		{
			"from": [-0.1, -3, -0.1],
			"to": [16.1, 0.95, 16.1],
			"faces": {
				"north": {"uv": [0, 0.1, 16, 4], "texture": "#side", "cullface": "north"},
				"east": {"uv": [0, 0.1, 16, 4], "texture": "#side", "cullface": "east"},
				"south": {"uv": [0, 0.1, 16, 4], "texture": "#side", "cullface": "south"},
				"west": {"uv": [0, 0.1, 16, 4], "texture": "#side", "cullface": "west"}
			}
		}
	],
  "display": {
    "gui": {
        "rotation": [ 30, 225, 0 ],
        "translation": [ 0, 1.5, 0],
        "scale":[ 0.625, 0.625, 0.625 ]
    }
  }
}